step,ai_reward,normal_reward,ai_action,normal_action
0,0.61043787,-0.10183668,0,0
1,-0.5034685,-1.5675392,0,1
2,-2.6793275,1.6551545,0,2
3,-2.9704423,2.1878617,0,3
4,-2.1605015,2.0101614,0,0
5,-2.3759928,0.94223046,0,1
6,-1.6251578,2.9102738,0,2
7,-1.8833971,3.587408,0,3
8,-3.0974097,0.6189115,0,0
9,-4.4834604,1.5992982,0,1
10,-4.8015037,1.409488,0,2
11,-4.116376,3.3176322,0,3
12,-3.3570695,2.3716216,0,0
13,-5.6577806,1.3885565,0,1
14,-5.883133,3.4506671,0,2
15,-5.2665577,3.4578357,0,3
16,-5.57928,2.4703126,0,0
17,-6.8390017,3.5141928,0,1
18,-7.064063,1.5659968,0,2
19,-5.2364035,1.5141764,0,3
20,-7.3989153,4.5072174,0,0
21,-5.6242456,3.4553638,0,1
22,-7.879779,3.5913742,0,2
23,-7.0745125,3.5055313,0,3
24,-5.470009,2.4427516,0,0
25,-7.7737103,2.5770783,0,1
26,-8.985837,4.6414075,0,2
27,-8.251586,3.7158682,0,3
28,-7.510708,4.628391,0,0
29,-6.858571,1.7105093,0,1
30,-8.19128,1.5833335,0,2
31,-10.357033,4.6741652,0,3
32,-10.585271,1.6943357,0,0
33,-10.83228,3.6478329,0,1
34,-9.043167,4.601512,0,2
35,-9.310565,1.48576,0,3
36,-8.59126,3.650425,0,0
37,-10.825217,3.5813358,0,1
38,-9.2275715,3.5603812,0,2
39,-12.400019,4.525357,0,3
40,-11.609313,4.416047,0,0
41,-11.848358,3.4802525,0,1
42,-11.058945,4.4554834,0,2
43,-13.334694,1.4971819,0,3
44,-12.573657,2.5225432,0,0
45,-11.794013,2.4124768,0,1
46,-12.969429,2.5370243,0,2
47,-12.1495,4.709992,0,3
48,-11.433523,1.7845738,0,0
49,-14.733097,3.6494634,0,1
50,-12.918913,2.7034895,0,2
51,-15.152609,3.6705303,0,3
52,-12.403858,2.644133,0,0
53,-13.805119,2.631358,0,1
54,-14.164915,4.392631,0,2
55,-14.510365,3.471618,0,3
56,-14.738247,3.3494477,0,0
57,-13.851316,3.439801,0,1
58,-15.013449,3.3211155,0,2
59,-17.127975,2.5302186,0,3
60,-17.247257,2.409611,0,0
61,-17.508894,3.4927988,0,1
62,-15.726141,1.4122655,0,2
63,-16.037584,4.420123,0,3
64,-16.28185,3.534444,0,0
65,-16.542627,4.6273746,0,1
66,-15.7216015,3.4362245,0,2
67,-15.823797,1.3325896,0,3
68,-19.006979,2.5398445,0,0
69,-17.112928,3.6348479,0,1
70,-18.303495,3.5838306,0,2
71,-16.54163,4.6178575,0,3
72,-19.782139,2.382504,0,0
73,-20.125004,4.281705,0,1
74,-19.450626,4.3404584,0,2
75,-19.800909,3.506624,0,3
76,-19.012407,1.5993958,0,0
77,-19.303587,3.7287943,0,1
78,-21.53517,1.6359737,0,2
79,-20.788172,4.5713296,0,3
80,-21.004324,3.423728,0,0
81,-20.267561,1.5522109,0,1
82,-21.485477,2.5930243,0,2
83,-22.685568,2.791743,0,3
84,-20.036524,1.6627023,0,0
85,-23.167421,1.5513659,0,1
86,-22.34881,1.5315361,0,2
87,-20.620157,3.5183773,0,3
88,-21.916517,1.6093129,0,0
89,-24.157438,4.6927447,0,1
90,-24.435713,4.6715927,0,2
91,-21.748798,3.67484,0,3
92,-23.011007,4.577569,0,0
93,-25.22919,1.6331855,0,1
94,-25.423773,1.6494368,0,2
95,-24.666029,3.7200463,0,3
96,-23.908726,4.633736,0,0
97,-23.180105,3.3859167,0,1
98,-23.244461,1.5607954,0,2
99,-25.443491,2.6308756,0,3
100,-26.580694,1.5072259,0,0
101,-23.646315,4.590215,0,1
102,-25.734339,3.5724123,0,2
103,-23.872345,4.49549,0,3
104,-25.012024,3.3874674,0,0
105,-24.027287,4.5282474,0,1
106,-27.058613,1.5764122,0,2
107,-26.116047,2.4705179,0,3
108,-27.192738,1.516285,0,0
109,-24.321552,2.5647826,0,1
110,-24.394276,2.5701065,0,2
111,-26.457952,2.5459719,0,3
112,-24.522446,4.656595,0,0
113,-25.605204,3.697696,0,1
114,-24.718214,4.5239196,0,2
115,-24.86302,3.4999325,0,3
116,-25.993402,4.4478965,0,0
117,-25.0,2.597226,0,1
118,-27.0,1.5396799,0,2
119,-26.0,1.540439,0,3
120,-27.0,3.7008898,0,0
121,-26.0,1.582234,0,1
122,-25.0,3.594828,0,2
123,-28.0,1.4958613,0,3
124,-28.0,4.512502,0,0
125,-25.0,1.441306,0,1
126,-28.0,4.434524,0,2
127,-26.0,4.467687,0,3
128,-27.0,2.5305085,0,0
129,-28.0,4.5433884,0,1
130,-25.0,4.6232677,0,2
131,-27.0,3.6157057,0,3
132,-28.0,1.4984806,0,0
133,-28.0,1.3800914,0,1
134,-26.0,4.5605392,0,2
135,-26.0,4.4473095,0,3
136,-25.0,4.4551196,0,0
137,-26.0,3.4750602,0,1
138,-27.0,1.5980148,0,2
139,-26.0,2.4800851,0,3
140,-25.0,3.601116,0,0
141,-26.0,1.6785471,0,1
142,-25.0,2.565598,0,2
143,-28.0,4.642872,0,3
144,-25.0,4.492871,0,0
145,-28.0,4.3924255,0,1
146,-27.0,3.3323572,0,2
147,-26.0,3.454733,0,3
148,-27.0,1.4248798,0,0
149,-25.0,1.5573261,0,1
150,-28.0,4.40798,0,2
151,-25.0,2.431386,0,3
152,-28.0,4.5643015,0,0
153,-28.0,1.58116,0,1
154,-26.0,2.408246,0,2
155,-28.0,4.343889,0,3
156,-28.0,1.370619,0,0
157,-27.0,3.341596,0,1
158,-27.0,2.447229,0,2
159,-25.0,3.54458,0,3
160,-27.0,1.5462971,0,0
161,-26.0,4.5939856,0,1
162,-27.0,1.6145244,0,2
163,-26.0,3.536665,0,3
164,-28.0,4.518178,0,0
165,-25.0,4.262305,0,1
166,-25.0,3.2691803,0,2
167,-26.0,3.410285,0,3
168,-28.0,2.457794,0,0
169,-27.0,3.3653054,0,1
170,-28.0,2.5816753,0,2
171,-28.0,2.6711702,0,3
172,-25.0,3.5816345,0,0
173,-25.0,2.628645,0,1
174,-26.0,4.530333,0,2
175,-28.0,1.3548524,0,3
176,-25.0,4.533136,0,0
177,-25.0,4.413177,0,1
178,-26.0,3.561324,0,2
179,-27.0,4.6040425,0,3
180,-25.0,1.5551668,0,0
181,-27.0,2.4201825,0,1
182,-28.0,4.4250646,0,2
183,-26.0,1.4331324,0,3
184,-28.0,4.5199986,0,0
185,-26.0,3.5083048,0,1
186,-26.0,3.6161454,0,2
187,-26.0,3.5348394,0,3
188,-28.0,2.328984,0,0
189,-28.0,1.3182994,0,1
190,-28.0,4.469105,0,2
191,-25.0,3.5328026,0,3
192,-27.0,1.3975934,0,0
193,-25.0,3.4866183,0,1
194,-27.0,2.4525442,0,2
195,-28.0,3.4596243,0,3
196,-26.0,3.5482666,0,0
197,-28.0,2.4898512,0,1
198,-28.0,3.716316,0,2
199,-28.0,2.6682885,0,3
200,-28.0,4.6230335,0,0
201,-25.0,4.5538464,0,1
202,-26.0,3.511565,0,2
203,-28.0,4.519038,0,3
204,-26.0,4.588541,0,0
205,-27.0,4.515383,0,1
206,-28.0,2.4754477,0,2
207,-25.0,3.3385537,0,3
208,-26.0,1.3281412,0,0
209,-27.0,2.4942126,0,1
210,-25.0,3.3820121,0,2
211,-28.0,3.3545845,0,3
212,-25.0,4.3574758,0,0
213,-28.0,3.3764677,0,1
214,-26.0,2.4380224,0,2
215,-25.0,1.4465574,0,3
216,-26.0,2.6409883,0,0
217,-28.0,1.6966901,0,1
218,-27.0,1.5571436,0,2
219,-27.0,4.704608,0,3
220,-28.0,3.68859,0,0
221,-28.0,3.6582901,0,1
222,-25.0,4.56881,0,2
223,-25.0,4.368389,0,3
224,-25.0,2.4453883,0,0
225,-28.0,4.4450927,0,1
226,-27.0,2.482174,0,2
227,-27.0,4.4456058,0,3
228,-26.0,2.5064569,0,0
229,-27.0,1.4508436,0,1
230,-26.0,4.5315866,0,2
231,-28.0,3.6279294,0,3
232,-25.0,2.5835724,0,0
233,-28.0,4.6118846,0,1
234,-25.0,4.490591,0,2
235,-27.0,1.517024,0,3
236,-25.0,4.475236,0,0
237,-28.0,2.3624587,0,1
238,-26.0,3.3366008,0,2
239,-26.0,3.5188959,0,3
240,-26.0,1.659838,0,0
241,-28.0,2.6201043,0,1
242,-27.0,1.631901,0,2
243,-27.0,4.7069316,0,3
244,-27.0,2.5603628,0,0
245,-28.0,4.4561768,0,1
246,-27.0,3.4273887,0,2
247,-28.0,3.545146,0,3
248,-26.0,4.47584,0,0
249,-27.0,1.4284284,0,1
250,-28.0,3.3401053,0,2
251,-26.0,3.3785982,0,3
252,-26.0,3.4727397,0,0
253,-26.0,1.5801694,0,1
254,-28.0,3.553468,0,2
255,-26.0,3.5610113,0,3
256,-27.0,2.6113667,0,0
257,-26.0,1.3523896,0,1
258,-26.0,1.4633083,0,2
259,-26.0,1.3001966,0,3
260,-26.0,2.3410697,0,0
261,-27.0,3.3975434,0,1
262,-27.0,2.5955508,0,2
263,-28.0,2.428096,0,3
264,-26.0,4.469076,0,0
265,-28.0,3.4391506,0,1
266,-28.0,3.5136526,0,2
267,-27.0,3.5282075,0,3
268,-25.0,3.2786179,0,0
269,-26.0,2.5803566,0,1
270,-28.0,3.5768733,0,2
271,-27.0,1.4847286,0,3
272,-27.0,4.5183077,0,0
273,-27.0,1.5222896,0,1
274,-26.0,2.445187,0,2
275,-25.0,3.5875304,0,3
276,-26.0,3.5253592,0,0
277,-26.0,1.5701557,0,1
278,-25.0,4.4291286,0,2
279,-28.0,3.5661871,0,3
280,-26.0,3.6749587,0,0
281,-27.0,2.730143,0,1
282,-25.0,2.68227,0,2
283,-26.0,2.6387107,0,3
284,-26.0,2.593397,0,0
285,-25.0,3.5926776,0,1
286,-26.0,4.538101,0,2
287,-27.0,2.560327,0,3
288,-25.0,3.4864419,0,0
289,-28.0,4.4795218,0,1
290,-25.0,3.4582124,0,2
291,-28.0,3.5296493,0,3
292,-26.0,4.4127097,0,0
293,-26.0,2.380828,0,1
294,-27.0,2.3642058,0,2
295,-26.0,4.392858,0,3
296,-25.0,2.4483955,0,0
297,-27.0,3.5619686,0,1
298,-28.0,1.6517345,0,2
299,-25.0,1.5819954,0,3
300,-26.0,4.5741253,0,0
301,-27.0,4.5733833,0,1
302,-27.0,1.5236928,0,2
303,-25.0,3.6122832,0,3
304,-25.0,3.537633,0,0
305,-25.0,4.477073,0,1
306,-28.0,1.3070898,0,2
307,-25.0,1.4520123,0,3
308,-27.0,1.3814799,0,0
309,-28.0,2.359343,0,1
310,-27.0,1.3669689,0,2
311,-26.0,1.464391,0,3
312,-27.0,2.6034975,0,0
313,-25.0,3.5103607,0,1
314,-28.0,1.5903833,0,2
315,-28.0,1.5700823,0,3
316,-25.0,3.530083,0,0
317,-26.0,4.4713163,0,1
318,-26.0,2.5035841,0,2
319,-27.0,2.4216073,0,3
320,-25.0,2.489781,0,0
321,-28.0,3.581294,0,1
322,-25.0,4.4258523,0,2
323,-25.0,1.522666,0,3
324,-25.0,1.5629311,0,0
325,-26.0,2.6723928,0,1
326,-25.0,4.5572605,0,2
327,-25.0,4.5862246,0,3
328,-26.0,4.42142,0,0
329,-25.0,4.6035905,0,1
330,-27.0,3.508926,0,2
331,-25.0,2.4631534,0,3
332,-27.0,1.4024725,0,0
333,-25.0,3.4329638,0,1
334,-28.0,3.4606514,0,2
335,-25.0,2.4076447,0,3
336,-27.0,3.3556473,0,0
337,-26.0,1.4658992,0,1
338,-25.0,1.4443649,0,2
339,-27.0,3.4505408,0,3
340,-28.0,4.495503,0,0
341,-26.0,1.528452,0,1
342,-28.0,3.545688,0,2
343,-28.0,3.5333848,0,3
344,-26.0,3.5751731,0,0
345,-27.0,2.6684473,0,1
346,-25.0,1.5921128,0,2
347,-25.0,1.626354,0,3
348,-26.0,4.3911786,0,0
349,-28.0,3.542918,0,1
350,-28.0,1.4093807,0,2
351,-26.0,1.5737393,0,3
352,-26.0,1.6544098,0,0
353,-26.0,2.627235,0,1
354,-28.0,1.5957904,0,2
355,-25.0,1.455879,0,3
356,-25.0,4.41877,0,0
357,-27.0,4.5027676,0,1
358,-25.0,1.455575,0,2
359,-27.0,2.4347997,0,3
360,-28.0,2.5098574,0,0
361,-27.0,1.6398455,0,1
362,-28.0,4.624665,0,2
363,-27.0,3.5934818,0,3
364,-25.0,3.3531194,0,0
365,-27.0,4.4983163,0,1
366,-25.0,4.598203,0,2
367,-25.0,2.6365747,0,3
368,-26.0,2.5164917,0,0
369,-27.0,2.6089122,0,1
370,-25.0,3.6119053,0,2
371,-26.0,4.6828427,0,3
372,-25.0,4.5722904,0,0
373,-27.0,3.4918034,0,1
374,-27.0,4.391662,0,2
375,-25.0,2.5322645,0,3
376,-25.0,4.63757,0,0
377,-26.0,2.5729086,0,1
378,-28.0,4.4858994,0,2
379,-26.0,3.5087168,0,3
380,-28.0,4.3522754,0,0
381,-28.0,3.6071925,0,1
382,-26.0,3.6567373,0,2
383,-25.0,4.617688,0,3
384,-25.0,1.4923915,0,0
385,-28.0,2.492846,0,1
386,-25.0,3.494221,0,2
387,-28.0,3.6255488,0,3
388,-25.0,3.6662343,0,0
389,-26.0,1.6508816,0,1
390,-28.0,4.7101345,0,2
391,-27.0,3.7119684,0,3
392,-25.0,2.490353,0,0
393,-27.0,4.5054374,0,1
394,-26.0,4.522928,0,2
395,-26.0,1.4391161,0,3
396,-26.0,2.465237,0,0
397,-26.0,4.479941,0,1
398,-27.0,4.592944,0,2
399,-27.0,2.501528,0,3
400,-26.0,2.4853208,0,0
401,-28.0,3.3793705,0,1
402,-25.0,2.3696468,0,2
403,-27.0,4.616951,0,3
404,-26.0,2.6678867,0,0
405,-27.0,3.5493202,0,1
406,-28.0,4.4974637,0,2
407,-27.0,2.4396584,0,3
408,-25.0,3.303289,0,0
409,-28.0,3.454195,0,1
410,-25.0,4.5039725,0,2
411,-25.0,1.5040178,0,3
412,-28.0,2.5567355,0,0
413,-27.0,2.5345418,0,1
414,-26.0,1.5224711,0,2
415,-28.0,1.4802399,0,3
416,-25.0,2.6022565,0,0
417,-25.0,1.4896245,0,1
418,-25.0,3.5398438,0,2
419,-26.0,3.5216353,0,3
420,-27.0,2.5858846,0,0
421,-26.0,4.5767245,0,1
422,-26.0,2.4687307,0,2
423,-26.0,2.4152846,0,3
424,-25.0,2.4863372,0,0
425,-25.0,4.6550627,0,1
426,-28.0,3.540482,0,2
427,-26.0,2.580862,0,3
428,-25.0,4.548643,0,0
429,-26.0,4.4941416,0,1
430,-26.0,1.5191767,0,2
431,-26.0,3.4599056,0,3
432,-28.0,3.5609617,0,0
433,-27.0,3.5888612,0,1
434,-28.0,2.5819962,0,2
435,-27.0,4.571457,0,3
436,-28.0,2.645034,0,0
437,-28.0,3.6177728,0,1
438,-27.0,1.5350412,0,2
439,-25.0,3.5325413,0,3
440,-25.0,1.6083589,0,0
441,-28.0,1.6394342,0,1
442,-27.0,2.6580594,0,2
443,-27.0,4.6544666,0,3
444,-28.0,3.663903,0,0
445,-25.0,4.487997,0,1
446,-25.0,1.5685459,0,2
447,-27.0,2.56011,0,3
448,-28.0,4.539415,0,0
449,-25.0,1.6346645,0,1
450,-25.0,3.6044245,0,2
451,-26.0,3.6919403,0,3
452,-26.0,4.5199075,0,0
453,-25.0,1.482886,0,1
454,-26.0,3.449867,0,2
455,-26.0,3.5108774,0,3
456,-27.0,4.486933,0,0
457,-25.0,4.483136,0,1
458,-26.0,1.5389497,0,2
459,-27.0,1.4868393,0,3
460,-27.0,4.579994,0,0
461,-25.0,3.4842162,0,1
462,-28.0,1.5393424,0,2
463,-28.0,3.5523014,0,3
464,-25.0,2.5464866,0,0
465,-26.0,4.4573326,0,1
466,-26.0,3.3281968,0,2
467,-26.0,3.2534685,0,3
468,-28.0,4.378665,0,0
469,-27.0,2.4284062,0,1
470,-26.0,3.4960587,0,2
471,-27.0,4.383416,0,3
472,-26.0,3.5246065,0,0
473,-25.0,2.2930381,0,1
474,-25.0,1.4395518,0,2
475,-26.0,4.4884977,0,3
476,-26.0,1.6236053,0,0
477,-25.0,4.6128035,0,1
478,-25.0,3.4872994,0,2
479,-26.0,2.3091033,0,3
480,-27.0,3.4064002,0,0
481,-26.0,3.6646152,0,1
482,-27.0,1.5458853,0,2
483,-25.0,4.5521336,0,3
484,-25.0,3.5184934,0,0
485,-27.0,4.5315595,0,1
486,-25.0,3.627037,0,2
487,-27.0,4.683505,0,3
488,-28.0,1.7371608,0,0
489,-25.0,3.6181855,0,1
490,-26.0,3.489562,0,2
491,-28.0,1.5191664,0,3
492,-26.0,2.5727506,0,0
493,-26.0,2.6069267,0,1
494,-26.0,3.6672323,0,2
495,-26.0,3.576486,0,3
496,-26.0,1.6976751,0,0
497,-28.0,2.5786917,0,1
498,-28.0,4.561351,0,2
499,-28.0,4.363889,0,3
500,-28.0,3.453548,0,0
501,-25.0,3.63746,0,1
502,-28.0,3.435695,0,2
503,-26.0,2.381819,0,3
504,-25.0,4.3092957,0,0
505,-26.0,4.403439,0,1
506,-28.0,2.5479088,0,2
507,-26.0,1.6344168,0,3
508,-27.0,1.4401934,0,0
509,-27.0,2.549275,0,1
510,-25.0,2.5105317,0,2
511,-28.0,3.467084,0,3
512,-25.0,2.55738,0,0
513,-27.0,1.5889256,0,1
514,-26.0,1.6210042,0,2
515,-28.0,2.571121,0,3
516,-25.0,2.5523665,0,0
517,-26.0,2.4990528,0,1
518,-28.0,3.420589,0,2
519,-26.0,2.4075263,0,3
520,-26.0,2.5819507,0,0
521,-26.0,4.564476,0,1
522,-27.0,4.2905025,0,2
523,-27.0,2.4240718,0,3
524,-27.0,1.5129063,0,0
525,-27.0,2.6186695,0,1
526,-26.0,3.4924629,0,2
527,-25.0,2.4501824,0,3
528,-25.0,1.5834842,0,0
529,-27.0,3.4886036,0,1
530,-27.0,1.408004,0,2
531,-28.0,4.616866,0,3
532,-26.0,4.783211,0,0
533,-28.0,4.6704154,0,1
534,-25.0,3.6065512,0,2
535,-25.0,2.5421927,0,3
536,-26.0,2.6134214,0,0
537,-25.0,1.6934186,0,1
538,-28.0,1.7530811,0,2
539,-28.0,2.609765,0,3
540,-26.0,2.719362,0,0
541,-27.0,3.6094866,0,1
542,-27.0,2.542536,0,2
543,-25.0,3.5119104,0,3
544,-28.0,1.5875506,0,0
545,-26.0,2.5672777,0,1
546,-26.0,2.5310194,0,2
547,-26.0,4.644639,0,3
548,-27.0,3.512231,0,0
549,-28.0,4.6265883,0,1
550,-27.0,1.4976401,0,2
551,-28.0,1.6913689,0,3
552,-26.0,2.5650342,0,0
553,-28.0,2.7337012,0,1
554,-26.0,2.6630204,0,2
555,-27.0,2.501156,0,3
556,-25.0,3.586074,0,0
557,-25.0,1.5843987,0,1
558,-27.0,3.565296,0,2
559,-25.0,4.4440913,0,3
560,-28.0,2.3637893,0,0
561,-27.0,4.5628304,0,1
562,-27.0,3.5752523,0,2
563,-27.0,4.652401,0,3
564,-28.0,3.593358,0,0
565,-25.0,1.533404,0,1
566,-26.0,4.4086223,0,2
567,-26.0,3.3855484,0,3
568,-25.0,3.496582,0,0
569,-25.0,3.5064695,0,1
570,-25.0,4.501788,0,2
571,-26.0,2.548514,0,3
572,-25.0,3.5695393,0,0
573,-25.0,1.5106859,0,1
574,-25.0,4.519818,0,2
575,-26.0,3.4089975,0,3
576,-27.0,3.401802,0,0
577,-26.0,1.4100008,0,1
578,-25.0,3.4150121,0,2
579,-25.0,2.4278524,0,3
580,-26.0,1.5540044,0,0
581,-28.0,2.6139781,0,1
582,-25.0,2.5723572,0,2
583,-25.0,2.604456,0,3
584,-25.0,2.6825042,0,0
585,-28.0,4.6503863,0,1
586,-28.0,4.640201,0,2
587,-26.0,3.4059708,0,3
588,-27.0,1.5261213,0,0
589,-25.0,4.558478,0,1
590,-28.0,3.5957446,0,2
591,-25.0,1.6454526,0,3
592,-26.0,1.6308575,0,0
593,-25.0,2.5119257,0,1
594,-25.0,3.5659564,0,2
595,-27.0,4.4449253,0,3
596,-27.0,2.4755507,0,0
597,-25.0,2.401396,0,1
598,-28.0,4.537808,0,2
599,-27.0,4.5609875,0,3
600,-26.0,4.3329453,0,0
601,-28.0,2.3764083,0,1
602,-27.0,2.407589,0,2
603,-26.0,4.430973,0,3
604,-27.0,1.5751623,0,0
605,-28.0,3.5236154,0,1
606,-26.0,4.433446,0,2
607,-25.0,3.411493,0,3
608,-27.0,3.5475647,0,0
609,-25.0,1.5326918,0,1
610,-27.0,2.4894245,0,2
611,-28.0,4.465549,0,3
612,-25.0,1.4367197,0,0
613,-28.0,4.513889,0,1
614,-27.0,1.6427703,0,2
615,-27.0,2.4057045,0,3
616,-25.0,4.503064,0,0
617,-25.0,1.4674956,0,1
618,-27.0,3.3554592,0,2
619,-28.0,3.4140387,0,3
620,-28.0,3.3258867,0,0
621,-28.0,4.4211845,0,1
622,-28.0,1.5538785,0,2
623,-26.0,4.5011544,0,3
624,-26.0,4.407252,0,0
625,-25.0,3.4830406,0,1
626,-27.0,2.4734707,0,2
627,-26.0,1.5986362,0,3
628,-26.0,2.647413,0,0
629,-28.0,4.706199,0,1
630,-26.0,1.7999952,0,2
631,-27.0,2.6937723,0,3
632,-26.0,1.5694187,0,0
633,-28.0,4.565637,0,1
634,-26.0,2.595641,0,2
635,-28.0,4.585238,0,3
636,-28.0,4.512372,0,0
637,-27.0,1.3227618,0,1
638,-27.0,1.4564657,0,2
639,-26.0,1.5750921,0,3
640,-26.0,4.4355097,0,0
641,-27.0,2.445336,0,1
642,-25.0,4.448996,0,2
643,-26.0,2.5295029,0,3
644,-25.0,3.566347,0,0
645,-25.0,4.5130053,0,1
646,-27.0,1.4709158,0,2
647,-27.0,3.61935,0,3
648,-28.0,3.7359633,0,0
649,-27.0,2.5664482,0,1
650,-26.0,2.4885933,0,2
651,-28.0,4.395193,0,3
652,-25.0,1.4047921,0,0
653,-28.0,4.3915696,0,1
654,-28.0,3.6129982,0,2
655,-25.0,2.5692117,0,3
656,-28.0,3.5658352,0,0
657,-25.0,2.540135,0,1
658,-28.0,3.4871686,0,2
659,-28.0,4.3780823,0,3
660,-25.0,2.487273,0,0
661,-28.0,2.5582547,0,1
662,-27.0,3.537803,0,2
663,-25.0,1.6100954,0,3
664,-27.0,4.4503546,0,0
665,-28.0,3.511486,0,1
666,-28.0,2.5908368,0,2
667,-27.0,3.6206307,0,3
668,-26.0,4.5021114,0,0
669,-27.0,3.5757413,0,1
670,-28.0,3.705206,0,2
671,-27.0,4.5106387,0,3
672,-25.0,3.468037,0,0
673,-27.0,4.5182886,0,1
674,-27.0,3.6712983,0,2
675,-27.0,4.528252,0,3
676,-28.0,2.5000067,0,0
677,-26.0,3.5139203,0,1
678,-26.0,1.5575762,0,2
679,-26.0,1.572741,0,3
680,-27.0,4.4458203,0,0
681,-26.0,1.4941508,0,1
682,-26.0,2.415469,0,2
683,-28.0,3.5951817,0,3
684,-28.0,4.456091,0,0
685,-25.0,2.4601083,0,1
686,-27.0,3.3196979,0,2
687,-26.0,1.3263296,0,3
688,-26.0,4.383147,0,0
689,-25.0,3.5252056,0,1
690,-28.0,1.5293018,0,2
691,-25.0,4.581384,0,3
692,-26.0,4.479635,0,0
693,-25.0,2.3427322,0,1
694,-25.0,1.357121,0,2
695,-25.0,4.4088497,0,3
696,-26.0,1.5052347,0,0
697,-27.0,2.5672486,0,1
698,-25.0,2.4982688,0,2
699,-28.0,1.5272229,0,3
700,-25.0,1.5505342,0,0
701,-25.0,3.59589,0,1
702,-26.0,3.4803112,0,2
703,-28.0,2.607481,0,3
704,-26.0,3.6716063,0,0
705,-27.0,2.6291418,0,1
706,-27.0,1.4869065,0,2
707,-27.0,1.3373497,0,3
708,-28.0,3.4230752,0,0
709,-28.0,3.3837085,0,1
710,-26.0,4.388952,0,2
711,-27.0,1.5492443,0,3
712,-28.0,1.5780826,0,0
713,-26.0,3.5486221,0,1
714,-26.0,1.6390153,0,2
715,-25.0,2.6418722,0,3
716,-28.0,1.6066483,0,0
717,-26.0,1.4800099,0,1
718,-26.0,1.5073102,0,2
719,-25.0,4.5343065,0,3
720,-28.0,4.4719677,0,0
721,-27.0,1.401504,0,1
722,-25.0,1.4671049,0,2
723,-28.0,1.5098021,0,3
724,-26.0,2.5427034,0,0
725,-28.0,4.6229715,0,1
726,-28.0,1.6983297,0,2
727,-26.0,3.5600715,0,3
728,-25.0,3.4779615,0,0
729,-25.0,3.4470646,0,1
730,-25.0,4.607174,0,2
731,-26.0,1.3619819,0,3
732,-25.0,3.486558,0,0
733,-25.0,3.5076373,0,1
734,-27.0,4.5221705,0,2
735,-28.0,1.634985,0,3
736,-28.0,1.5311327,0,0
737,-27.0,1.5670875,0,1
738,-26.0,3.4850793,0,2
739,-27.0,2.5235903,0,3
740,-28.0,4.4813867,0,0
741,-27.0,4.5463295,0,1
742,-26.0,2.5398915,0,2
743,-28.0,2.5823245,0,3
744,-25.0,3.5317497,0,0
745,-26.0,2.5539715,0,1
746,-27.0,4.6164336,0,2
747,-25.0,1.6605445,0,3
748,-25.0,2.537996,0,0
749,-25.0,4.43766,0,1
750,-27.0,4.63681,0,2
751,-27.0,1.5723382,0,3
752,-28.0,4.5065727,0,0
753,-26.0,2.5185807,0,1
754,-27.0,1.6481311,0,2
755,-28.0,4.5971594,0,3
756,-26.0,1.405158,0,0
757,-26.0,1.3835056,0,1
758,-28.0,1.4732075,0,2
759,-28.0,3.5865119,0,3
760,-27.0,3.5068548,0,0
761,-26.0,3.422753,0,1
762,-27.0,3.3572025,0,2
763,-27.0,4.363914,0,3
764,-26.0,3.4293976,0,0
765,-27.0,2.5686295,0,1
766,-27.0,3.6443427,0,2
767,-25.0,2.5554702,0,3
768,-26.0,1.4322927,0,0
769,-26.0,3.6007254,0,1
770,-27.0,3.5438352,0,2
771,-27.0,2.3864212,0,3
772,-25.0,3.5185256,0,0
773,-25.0,3.4374096,0,1
774,-26.0,4.4836855,0,2
775,-25.0,2.6264772,0,3
776,-28.0,4.509887,0,0
777,-25.0,3.5797129,0,1
778,-27.0,1.5586073,0,2
779,-26.0,1.5912232,0,3
780,-27.0,3.6195893,0,0
781,-26.0,4.454875,0,1
782,-25.0,4.5356035,0,2
783,-26.0,4.3962693,0,3
784,-27.0,1.4045565,0,0
785,-25.0,4.401826,0,1
786,-28.0,2.4593585,0,2
787,-28.0,2.4356422,0,3
788,-25.0,2.591171,0,0
789,-26.0,2.6159036,0,1
790,-28.0,3.5537195,0,2
791,-26.0,3.4432096,0,3
792,-25.0,4.5129776,0,0
793,-28.0,4.4905453,0,1
794,-26.0,3.6261916,0,2
795,-26.0,2.6242247,0,3
796,-27.0,1.4560312,0,0
797,-25.0,4.3144226,0,1
798,-25.0,3.4451084,0,2
799,-28.0,2.370586,0,3
800,-26.0,1.2941685,0,0
801,-25.0,4.4304943,0,1
802,-25.0,2.3883498,0,2
803,-28.0,2.5764215,0,3
804,-27.0,1.5723886,0,0
805,-25.0,3.591848,0,1
806,-26.0,3.478191,0,2
807,-28.0,1.3791554,0,3
808,-28.0,1.3335505,0,0
809,-27.0,1.2804446,0,1
810,-28.0,3.4018126,0,2
811,-26.0,1.5022037,0,3
812,-25.0,4.472897,0,0
813,-25.0,2.4558754,0,1
814,-27.0,1.2813241,0,2
815,-27.0,4.440224,0,3
816,-26.0,2.42128,0,0
817,-25.0,3.5175815,0,1
818,-26.0,2.6001103,0,2
819,-27.0,1.5438843,0,3
820,-28.0,1.5413494,0,0
821,-28.0,3.555355,0,1
822,-26.0,2.4328127,0,2
823,-28.0,4.538685,0,3
824,-26.0,2.6452234,0,0
825,-27.0,4.4313946,0,1
826,-26.0,4.2346373,0,2
827,-27.0,1.3950948,0,3
828,-25.0,3.512398,0,0
829,-28.0,4.679534,0,1
830,-26.0,3.5569873,0,2
831,-26.0,1.5272931,0,3
832,-26.0,2.7181413,0,0
833,-26.0,3.5947633,0,1
834,-25.0,1.5474018,0,2
835,-28.0,3.6062024,0,3
836,-26.0,4.5327005,0,0
837,-27.0,3.5991807,0,1
838,-28.0,2.5224771,0,2
839,-28.0,2.6040692,0,3
840,-25.0,2.629243,0,0
841,-28.0,1.5441751,0,1
842,-28.0,1.5728197,0,2
843,-27.0,3.3993657,0,3
844,-26.0,4.507168,0,0
845,-28.0,1.5900602,0,1
846,-26.0,3.4941938,0,2
847,-26.0,2.6267953,0,3
848,-25.0,4.5340514,0,0
849,-25.0,3.4212747,0,1
850,-28.0,2.4007356,0,2
851,-25.0,1.568284,0,3
852,-27.0,1.5011599,0,0
853,-25.0,1.5242114,0,1
854,-28.0,1.4704227,0,2
855,-26.0,1.3237432,0,3
856,-26.0,1.4128354,0,0
857,-27.0,3.5073397,0,1
858,-28.0,1.3879995,0,2
859,-26.0,3.4711397,0,3
860,-26.0,2.5412836,0,0
861,-28.0,3.5250244,0,1
862,-25.0,2.5466533,0,2
863,-26.0,1.60312,0,3
864,-25.0,4.616623,0,0
865,-25.0,3.5630388,0,1
866,-27.0,1.434238,0,2
867,-27.0,2.539092,0,3
868,-26.0,4.3931413,0,0
869,-27.0,3.5846124,0,1
870,-25.0,3.7264817,0,2
871,-25.0,2.6054857,0,3
872,-26.0,2.5365682,0,0
873,-25.0,4.440394,0,1
874,-25.0,4.4213448,0,2
875,-27.0,2.6330717,0,3
876,-27.0,3.5610263,0,0
877,-26.0,2.498918,0,1
878,-28.0,2.558163,0,2
879,-25.0,1.4684365,0,3
880,-28.0,2.6034915,0,0
881,-27.0,2.4405723,0,1
882,-28.0,1.5380118,0,2
883,-28.0,3.6274297,0,3
884,-26.0,1.4146876,0,0
885,-28.0,1.3399824,0,1
886,-28.0,2.459107,0,2
887,-28.0,3.6440873,0,3
888,-25.0,3.6007848,0,0
889,-25.0,1.3544534,0,1
890,-26.0,3.46283,0,2
891,-28.0,1.6524951,0,3
892,-27.0,3.6965444,0,0
893,-28.0,2.5901623,0,1
894,-26.0,2.5474517,0,2
895,-26.0,3.52652,0,3
896,-26.0,1.7400509,0,0
897,-27.0,1.6065878,0,1
898,-26.0,1.521449,0,2
899,-26.0,4.540816,0,3
900,-26.0,4.546613,0,0
901,-25.0,4.457943,0,1
902,-28.0,3.376637,0,2
903,-26.0,3.4675174,0,3
904,-25.0,3.4455547,0,0
905,-26.0,4.5453563,0,1
906,-27.0,3.6245403,0,2
907,-28.0,4.565579,0,3
908,-28.0,4.485037,0,0
909,-28.0,4.562303,0,1
910,-28.0,2.4525664,0,2
911,-25.0,2.6044583,0,3
912,-26.0,1.4520495,0,0
913,-28.0,2.5289683,0,1
914,-25.0,3.5077674,0,2
915,-25.0,2.5062466,0,3
916,-28.0,1.389812,0,0
917,-26.0,4.421994,0,1
918,-27.0,2.248564,0,2
919,-25.0,2.4094572,0,3
920,-26.0,4.408387,0,0
921,-28.0,2.5558054,0,1
922,-25.0,3.5046,0,2
923,-25.0,4.5625706,0,3
924,-26.0,1.5360024,0,0
925,-26.0,2.564023,0,1
926,-25.0,4.5720806,0,2
927,-25.0,4.605303,0,3
928,-27.0,4.5483346,0,0
929,-26.0,4.496709,0,1
930,-26.0,3.4612846,0,2
931,-25.0,4.621874,0,3
932,-28.0,3.569646,0,0
933,-26.0,2.4589777,0,1
934,-25.0,4.4929137,0,2
935,-26.0,3.6183817,0,3
936,-28.0,4.5878205,0,0
937,-28.0,4.531644,0,1
938,-25.0,3.4588761,0,2
939,-26.0,4.358754,0,3
940,-26.0,1.4590764,0,0
941,-26.0,1.4578397,0,1
942,-28.0,4.5096865,0,2
943,-28.0,3.4484625,0,3
944,-27.0,4.3816743,0,0
945,-25.0,4.4866223,0,1
946,-26.0,1.5673118,0,2
947,-26.0,2.508666,0,3
948,-27.0,2.6045706,0,0
949,-27.0,2.530819,0,1
950,-27.0,3.5493517,0,2
951,-27.0,3.419293,0,3
952,-26.0,3.2288597,0,0
953,-26.0,4.4085445,0,1
954,-28.0,4.3886485,0,2
955,-27.0,2.377951,0,3
956,-27.0,1.5129721,0,0
957,-28.0,4.440268,0,1
958,-27.0,1.4742541,0,2
959,-26.0,4.3643417,0,3
960,-27.0,2.3818674,0,0
961,-27.0,3.4676692,0,1
962,-27.0,4.5997114,0,2
963,-27.0,2.3602104,0,3
964,-28.0,1.2426,0,0
965,-25.0,1.3900717,0,1
966,-26.0,1.4102786,0,2
967,-28.0,1.3834107,0,3
968,-25.0,2.313253,0,0
969,-27.0,4.3431726,0,1
970,-27.0,4.6423035,0,2
971,-25.0,2.6534088,0,3
972,-28.0,4.542883,0,0
973,-28.0,1.51419,0,1
974,-26.0,3.4739308,0,2
975,-28.0,3.3850763,0,3
976,-28.0,3.305654,0,0
977,-27.0,4.396366,0,1
978,-28.0,4.4570007,0,2
979,-28.0,2.4310226,0,3
980,-27.0,1.4316146,0,0
981,-25.0,1.5334523,0,1
982,-25.0,4.4645176,0,2
983,-25.0,4.33982,0,3
984,-28.0,4.3770323,0,0
985,-27.0,2.5385675,0,1
986,-28.0,4.5698323,0,2
987,-25.0,2.629723,0,3
988,-26.0,1.5291796,0,0
989,-28.0,2.4768493,0,1
990,-27.0,4.3365335,0,2
991,-28.0,4.51077,0,3
992,-28.0,3.5845778,0,0
993,-27.0,3.5589228,0,1
994,-25.0,2.4514847,0,2
995,-25.0,1.4833483,0,3
996,-26.0,4.275318,0,0
997,-26.0,2.2784011,0,1
998,-27.0,1.5132582,0,2
999,-27.0,3.5633357,0,3
1000,-28.0,2.5782366,0,0
1001,-25.0,2.5052836,0,1
1002,-26.0,1.5249438,0,2
1003,-27.0,2.376982,0,3
1004,-27.0,2.5358198,0,0
1005,-26.0,2.458998,0,1
1006,-28.0,4.452419,0,2
1007,-25.0,2.507673,0,3
1008,-25.0,1.4774809,0,0
1009,-27.0,4.5952616,0,1
1010,-27.0,3.40868,0,2
1011,-26.0,2.5292852,0,3
1012,-28.0,2.5230098,0,0
1013,-27.0,3.525568,0,1
1014,-26.0,1.3827941,0,2
1015,-25.0,1.4972072,0,3
1016,-28.0,4.561298,0,0
1017,-26.0,2.477042,0,1
1018,-28.0,2.482296,0,2
1019,-28.0,3.4915001,0,3
1020,-25.0,3.5350018,0,0
1021,-27.0,1.4913801,0,1
1022,-26.0,1.4096221,0,2
1023,-27.0,4.4148283,0,3
1024,-27.0,2.3870044,0,0
1025,-27.0,3.4831614,0,1
1026,-25.0,2.454667,0,2
1027,-25.0,4.3920345,0,3
1028,-26.0,2.4630322,0,0
1029,-27.0,2.5641248,0,1
1030,-28.0,3.5814803,0,2
1031,-26.0,2.6924636,0,3
1032,-25.0,4.6241374,0,0
1033,-28.0,1.8003898,0,1
1034,-26.0,4.74162,0,2
1035,-26.0,4.6394157,0,3
1036,-28.0,4.557101,0,0
1037,-26.0,4.563156,0,1
1038,-27.0,4.3501377,0,2
1039,-27.0,4.4150023,0,3
1040,-28.0,3.519835,0,0
1041,-25.0,2.526332,0,1
1042,-26.0,1.6901512,0,2
1043,-28.0,2.6546214,0,3
1044,-25.0,1.5793909,0,0
1045,-28.0,1.5658573,0,1
1046,-25.0,1.58255,0,2
1047,-28.0,1.5902095,0,3
1048,-28.0,4.5386367,0,0
1049,-26.0,1.4960493,0,1
1050,-25.0,3.4776366,0,2
1051,-25.0,1.4709995,0,3
1052,-25.0,1.4639844,0,0
1053,-27.0,3.5340421,0,1
1054,-27.0,1.3622401,0,2
1055,-25.0,1.4028633,0,3
1056,-25.0,4.493323,0,0
1057,-28.0,2.4696336,0,1
1058,-26.0,4.5427475,0,2
1059,-27.0,4.5448513,0,3
1060,-25.0,4.5113072,0,0
1061,-25.0,2.6149633,0,1
1062,-26.0,3.7262268,0,2
1063,-28.0,1.5810479,0,3
1064,-27.0,2.6543,0,0
1065,-26.0,4.686603,0,1
1066,-26.0,2.4781752,0,2
1067,-27.0,2.5448828,0,3
1068,-26.0,4.5171075,0,0
1069,-27.0,1.4923695,0,1
1070,-25.0,2.4284253,0,2
1071,-28.0,2.519393,0,3
1072,-28.0,2.4305034,0,0
1073,-28.0,2.4533653,0,1
1074,-28.0,4.5495176,0,2
1075,-26.0,3.5303423,0,3
1076,-27.0,4.5444584,0,0
1077,-28.0,1.5575178,0,1
1078,-25.0,1.7481587,0,2
1079,-28.0,4.6470222,0,3
1080,-25.0,1.5332478,0,0
1081,-25.0,4.4164963,0,1
1082,-28.0,3.4504406,0,2
1083,-25.0,4.4075794,0,3
1084,-28.0,4.3367267,0,0
1085,-25.0,3.323608,0,1
1086,-26.0,1.4959123,0,2
1087,-27.0,4.4204364,0,3
1088,-27.0,3.5486264,0,0
1089,-26.0,4.6020308,0,1
1090,-27.0,1.5891259,0,2
1091,-25.0,3.520949,0,3
1092,-28.0,3.4927735,0,0
1093,-26.0,1.5227599,0,1
1094,-28.0,4.533055,0,2
1095,-28.0,4.3844895,0,3
1096,-26.0,3.4193769,0,0
1097,-25.0,1.4571891,0,1
1098,-28.0,1.5432558,0,2
1099,-28.0,1.3256729,0,3
1100,-26.0,4.4901266,0,0
1101,-28.0,2.4001389,0,1
1102,-28.0,3.3731716,0,2
1103,-28.0,4.5003414,0,3
1104,-28.0,4.6295485,0,0
1105,-28.0,3.5532136,0,1
1106,-25.0,1.4513578,0,2
1107,-27.0,3.4046106,0,3
1108,-25.0,4.594551,0,0
1109,-25.0,3.6400576,0,1
1110,-27.0,4.4910374,0,2
1111,-26.0,1.6935859,0,3
1112,-27.0,2.514694,0,0
1113,-26.0,3.507621,0,1
1114,-27.0,2.613612,0,2
1115,-27.0,4.5065947,0,3
1116,-27.0,1.5286994,0,0
1117,-26.0,2.5536914,0,1
1118,-27.0,3.6608474,0,2
1119,-25.0,1.6883178,0,3
1120,-28.0,4.5743113,0,0
1121,-26.0,2.5883775,0,1
1122,-27.0,2.644377,0,2
1123,-25.0,4.431379,0,3
1124,-26.0,3.4321976,0,0
1125,-25.0,2.3776658,0,1
1126,-27.0,2.5589151,0,2
1127,-28.0,2.5949733,0,3
1128,-28.0,3.536112,0,0
1129,-26.0,2.5937028,0,1
1130,-26.0,3.5876207,0,2
1131,-25.0,2.5394137,0,3
1132,-25.0,4.3951893,0,0
1133,-28.0,4.3474374,0,1
1134,-28.0,3.440113,0,2
1135,-25.0,4.5606318,0,3
1136,-28.0,2.698217,0,0
1137,-26.0,4.6525598,0,1
1138,-27.0,4.699393,0,2
1139,-28.0,1.5974338,0,3
1140,-26.0,2.5771694,0,0
1141,-26.0,1.5111074,0,1
1142,-27.0,3.4355915,0,2
1143,-26.0,1.4044545,0,3
1144,-27.0,1.4901738,0,0
1145,-28.0,1.4917724,0,1
1146,-26.0,1.5335282,0,2
1147,-25.0,1.4781799,0,3
1148,-25.0,1.5133982,0,0
1149,-27.0,2.4755325,0,1
1150,-26.0,1.6099159,0,2
1151,-25.0,1.3972654,0,3
1152,-25.0,2.4302642,0,0
1153,-25.0,1.4402108,0,1
1154,-25.0,1.6356775,0,2
1155,-27.0,2.648663,0,3
1156,-25.0,3.4619908,0,0
1157,-26.0,4.553037,0,1
1158,-28.0,3.5069356,0,2
1159,-28.0,3.4842525,0,3
1160,-27.0,1.4868066,0,0
1161,-27.0,4.4664164,0,1
1162,-27.0,4.4362464,0,2
1163,-26.0,1.3831761,0,3
1164,-27.0,3.4045982,0,0
1165,-26.0,2.6332166,0,1
1166,-26.0,3.6083083,0,2
1167,-28.0,4.380551,0,3
1168,-25.0,1.4000392,0,0
1169,-26.0,4.544264,0,1
1170,-27.0,4.585538,0,2
1171,-27.0,3.541986,0,3
1172,-26.0,3.607088,0,0
1173,-26.0,1.3929081,0,1
1174,-25.0,3.4527164,0,2
1175,-28.0,4.4036446,0,3
1176,-26.0,3.544486,0,0
1177,-25.0,2.7115228,0,1
1178,-25.0,4.6655574,0,2
1179,-27.0,3.4963503,0,3
1180,-27.0,2.455238,0,0
1181,-27.0,1.458652,0,1
1182,-25.0,2.442687,0,2
1183,-27.0,1.4925177,0,3
1184,-26.0,2.3930995,0,0
1185,-25.0,4.4562035,0,1
1186,-26.0,4.4893284,0,2
1187,-25.0,4.5405693,0,3
1188,-26.0,2.4791481,0,0
1189,-26.0,3.6262,0,1
1190,-27.0,2.5450227,0,2
1191,-27.0,3.559353,0,3
1192,-25.0,3.4256532,0,0
1193,-27.0,2.4903948,0,1
1194,-28.0,2.5758147,0,2
1195,-25.0,2.4922283,0,3
1196,-25.0,3.6277955,0,0
1197,-26.0,2.5782638,0,1
1198,-25.0,3.5728436,0,2
1199,-28.0,4.7222166,0,3
1200,-26.0,2.6083534,0,0
1201,-27.0,2.537423,0,1
1202,-28.0,3.6730425,0,2
1203,-26.0,4.6511707,0,3
1204,-28.0,4.5665407,0,0
1205,-26.0,2.6548548,0,1
1206,-28.0,1.4395254,0,2
1207,-28.0,3.510796,0,3
1208,-25.0,3.492411,0,0
1209,-26.0,1.457463,0,1
1210,-26.0,2.4074478,0,2
1211,-27.0,4.5323195,0,3
1212,-28.0,4.629104,0,0
1213,-25.0,1.7482584,0,1
1214,-26.0,4.618058,0,2
1215,-25.0,4.671482,0,3
1216,-27.0,1.6339186,0,0
1217,-25.0,3.548339,0,1
1218,-26.0,1.6398448,0,2
1219,-27.0,4.6643558,0,3
1220,-26.0,3.684933,0,0
1221,-28.0,1.5762404,0,1
1222,-27.0,3.6472995,0,2
1223,-27.0,4.6087418,0,3
1224,-27.0,2.6201034,0,0
1225,-26.0,3.5761735,0,1
1226,-28.0,1.6341546,0,2
1227,-26.0,2.4235885,0,3
1228,-28.0,1.326298,0,0
1229,-28.0,2.4025183,0,1
1230,-27.0,2.505744,0,2
1231,-26.0,1.5940688,0,3
1232,-25.0,4.5322957,0,0
1233,-25.0,1.5273548,0,1
1234,-28.0,3.446137,0,2
1235,-25.0,2.653007,0,3
1236,-28.0,2.6526973,0,0
1237,-28.0,2.6632965,0,1
1238,-28.0,3.6117787,0,2
1239,-26.0,1.6586423,0,3
1240,-25.0,4.639136,0,0
1241,-28.0,3.623355,0,1
1242,-28.0,3.5145922,0,2
1243,-26.0,1.3643563,0,3
1244,-26.0,1.4306078,0,0
1245,-28.0,3.4702733,0,1
1246,-27.0,3.6093442,0,2
1247,-27.0,2.4173725,0,3
1248,-27.0,1.4420376,0,0
1249,-27.0,4.518913,0,1
1250,-28.0,1.660862,0,2
1251,-25.0,2.7386575,0,3
1252,-25.0,1.6108744,0,0
1253,-26.0,4.509364,0,1
1254,-25.0,2.4557588,0,2
1255,-27.0,2.363051,0,3
1256,-26.0,2.5895164,0,0
1257,-26.0,1.4073834,0,1
1258,-25.0,4.4266305,0,2
1259,-25.0,4.481775,0,3
1260,-25.0,1.5878797,0,0
1261,-25.0,3.4956932,0,1
1262,-26.0,3.481697,0,2
1263,-28.0,3.5432398,0,3
1264,-26.0,3.6788456,0,0
1265,-27.0,2.6788406,0,1
1266,-27.0,1.5289551,0,2
1267,-26.0,2.5349019,0,3
1268,-28.0,1.5278983,0,0
1269,-28.0,2.4524908,0,1
1270,-25.0,3.4511116,0,2
1271,-28.0,1.7119882,0,3
1272,-27.0,3.6013072,0,0
1273,-26.0,2.572571,0,1
1274,-28.0,2.5500524,0,2
1275,-25.0,3.6160972,0,3
1276,-25.0,3.6540146,0,0
1277,-28.0,1.4730861,0,1
1278,-26.0,2.4623432,0,2
1279,-26.0,1.3894749,0,3
1280,-26.0,4.489707,0,0
1281,-25.0,3.4695938,0,1
1282,-27.0,4.7005477,0,2
1283,-27.0,4.6222515,0,3
1284,-27.0,1.5540345,0,0
1285,-26.0,4.4638557,0,1
1286,-25.0,4.4605803,0,2
1287,-25.0,2.6029932,0,3
1288,-25.0,3.5749993,0,0
1289,-26.0,3.5018363,0,1
1290,-26.0,1.4925427,0,2
1291,-26.0,1.53547,0,3
1292,-28.0,3.507438,0,0
1293,-25.0,2.5878465,0,1
1294,-25.0,2.5935087,0,2
1295,-28.0,1.6433926,0,3
1296,-25.0,3.566248,0,0
1297,-26.0,2.5601945,0,1
1298,-28.0,4.5979652,0,2
1299,-26.0,3.6096592,0,3
1300,-25.0,2.5614448,0,0
1301,-25.0,1.4281535,0,1
1302,-27.0,2.4673738,0,2
1303,-27.0,1.6016207,0,3
1304,-25.0,1.5604367,0,0
1305,-25.0,3.503686,0,1
1306,-26.0,3.6333206,0,2
1307,-26.0,1.582316,0,3
1308,-28.0,4.4517965,0,0
1309,-26.0,4.623362,0,1
1310,-28.0,4.603309,0,2
1311,-25.0,3.4875655,0,3
1312,-28.0,1.5260023,0,0
1313,-25.0,3.6020808,0,1
1314,-26.0,1.5574055,0,2
1315,-28.0,4.547067,0,3
1316,-27.0,3.4740016,0,0
1317,-28.0,3.4575186,0,1
1318,-27.0,4.363723,0,2
1319,-25.0,3.439148,0,3
1320,-25.0,2.4758623,0,0
1321,-25.0,2.698491,0,1
1322,-27.0,3.5306933,0,2
1323,-26.0,2.4828403,0,3
1324,-27.0,4.4656124,0,0
1325,-27.0,4.474068,0,1
1326,-28.0,4.4444084,0,2
1327,-25.0,3.4173448,0,3
1328,-28.0,1.5035936,0,0
1329,-26.0,4.4726205,0,1
1330,-26.0,4.5441356,0,2
1331,-26.0,2.5513344,0,3
1332,-26.0,4.38183,0,0
1333,-26.0,3.3110318,0,1
1334,-26.0,3.546744,0,2
1335,-26.0,4.601227,0,3
1336,-26.0,4.488205,0,0
1337,-26.0,4.4544306,0,1
1338,-28.0,4.389138,0,2
1339,-27.0,3.533149,0,3
1340,-27.0,1.48925,0,0
1341,-25.0,3.4895782,0,1
1342,-25.0,4.5100617,0,2
1343,-27.0,3.4622862,0,3
1344,-28.0,3.373643,0,0
1345,-25.0,2.58469,0,1
1346,-27.0,4.630935,0,2
1347,-25.0,3.508541,0,3
1348,-25.0,3.420712,0,0
1349,-25.0,1.3643689,0,1
1350,-26.0,2.5148323,0,2
1351,-27.0,3.399056,0,3
1352,-25.0,2.6112893,0,0
1353,-26.0,1.641496,0,1
1354,-25.0,2.6061823,0,2
1355,-27.0,3.5565603,0,3
1356,-28.0,2.3553886,0,0
1357,-25.0,1.5041113,0,1
1358,-27.0,3.5144293,0,2
1359,-28.0,3.5822682,0,3
1360,-28.0,3.4654014,0,0
1361,-25.0,2.4993572,0,1
1362,-25.0,4.4979634,0,2
1363,-28.0,4.607512,0,3
1364,-27.0,4.630477,0,0
1365,-25.0,4.600794,0,1
1366,-28.0,4.6097136,0,2
1367,-28.0,4.5494595,0,3
1368,-25.0,1.4660492,0,0
1369,-27.0,1.4308877,0,1
1370,-27.0,3.2770052,0,2
1371,-27.0,2.3656695,0,3
1372,-26.0,3.500576,0,0
1373,-27.0,3.4564538,0,1
1374,-28.0,1.4580517,0,2
1375,-27.0,2.3535297,0,3
1376,-25.0,1.4182129,0,0
1377,-26.0,4.473508,0,1
1378,-25.0,1.3673084,0,2
1379,-28.0,4.4521914,0,3
1380,-25.0,4.5059214,0,0
1381,-27.0,4.5689993,0,1
1382,-27.0,2.5804346,0,2
1383,-28.0,1.7108644,0,3
1384,-28.0,4.624102,0,0
1385,-25.0,4.53788,0,1
1386,-26.0,1.3729286,0,2
1387,-28.0,2.3589416,0,3
1388,-26.0,2.3596525,0,0
1389,-28.0,3.3771553,0,1
1390,-26.0,2.5125139,0,2
1391,-25.0,1.412477,0,3
1392,-26.0,2.5455823,0,0
1393,-27.0,1.5691932,0,1
1394,-28.0,1.5768316,0,2
1395,-25.0,1.5266674,0,3
1396,-28.0,4.577514,0,0
1397,-28.0,3.5087898,0,1
1398,-28.0,3.5326095,0,2
1399,-26.0,4.5418463,0,3
1400,-25.0,4.6093435,0,0
1401,-28.0,3.6907756,0,1
1402,-25.0,1.6703861,0,2
1403,-26.0,3.5886827,0,3
1404,-25.0,4.5098925,0,0
1405,-25.0,2.557763,0,1
1406,-27.0,4.7078743,0,2
1407,-26.0,2.6672096,0,3
1408,-28.0,3.5769374,0,0
1409,-26.0,4.5220604,0,1
1410,-26.0,3.614543,0,2
1411,-27.0,3.4962256,0,3
1412,-26.0,3.4069695,0,0
1413,-27.0,1.4155314,0,1
1414,-26.0,3.4182255,0,2
1415,-26.0,2.5745049,0,3
1416,-27.0,2.4790673,0,0
1417,-27.0,1.4993258,0,1
1418,-26.0,1.5065264,0,2
1419,-28.0,2.4219973,0,3
1420,-26.0,3.5272212,0,0
1421,-27.0,3.4376156,0,1
1422,-27.0,2.5648603,0,2
1423,-26.0,2.5584195,0,3
1424,-25.0,4.462138,0,0
1425,-25.0,3.5462074,0,1
1426,-27.0,4.5252256,0,2
1427,-25.0,2.5341737,0,3
1428,-25.0,2.6360636,0,0
1429,-25.0,1.6954156,0,1
1430,-25.0,2.4805892,0,2
1431,-27.0,3.4397933,0,3
1432,-28.0,4.4577804,0,0
1433,-25.0,1.5119841,0,1
1434,-25.0,2.6666925,0,2
1435,-27.0,2.655586,0,3
1436,-27.0,2.5406647,0,0
1437,-28.0,3.5437016,0,1
1438,-26.0,1.5956454,0,2
1439,-28.0,2.5767477,0,3
1440,-27.0,1.5097494,0,0
1441,-25.0,1.4548607,0,1
1442,-25.0,1.4350444,0,2
1443,-25.0,4.51142,0,3
1444,-28.0,3.5652351,0,0
1445,-27.0,2.7469862,0,1
1446,-26.0,2.6768456,0,2
1447,-27.0,4.467142,0,3
1448,-28.0,1.4508293,0,0
1449,-26.0,1.6206236,0,1
1450,-26.0,2.6060927,0,2
1451,-25.0,3.7758071,0,3
1452,-26.0,3.5734324,0,0
1453,-26.0,2.4508326,0,1
1454,-28.0,3.4781218,0,2
1455,-26.0,4.729427,0,3
1456,-28.0,1.6997714,0,0
1457,-27.0,1.538183,0,1
1458,-28.0,4.445942,0,2
1459,-27.0,3.6597202,0,3
1460,-26.0,2.5097713,0,0
1461,-25.0,2.6023803,0,1
1462,-28.0,2.4578037,0,2
1463,-25.0,3.5132978,0,3
1464,-26.0,1.4159199,0,0
1465,-27.0,2.4440408,0,1
1466,-28.0,2.563587,0,2
1467,-26.0,3.4562535,0,3
1468,-28.0,4.451457,0,0
1469,-26.0,2.4821954,0,1
1470,-28.0,1.5982554,0,2
1471,-27.0,4.6263933,0,3
1472,-25.0,1.5953287,0,0
1473,-25.0,2.626341,0,1
1474,-25.0,4.559642,0,2
1475,-27.0,4.6388826,0,3
1476,-28.0,1.5994836,0,0
1477,-28.0,1.4735987,0,1
1478,-28.0,2.5725086,0,2
1479,-25.0,3.7038593,0,3
1480,-26.0,2.6731918,0,0
1481,-25.0,2.389515,0,1
1482,-27.0,4.380341,0,2
1483,-26.0,2.4190576,0,3
1484,-26.0,2.5279,0,0
1485,-27.0,1.6566223,0,1
1486,-25.0,3.7634757,0,2
1487,-25.0,4.8186297,0,3
1488,-25.0,2.709873,0,0
1489,-27.0,1.4925503,0,1
1490,-25.0,1.3226831,0,2
1491,-28.0,3.4856331,0,3
1492,-26.0,2.4908056,0,0
1493,-27.0,3.5826426,0,1
1494,-25.0,3.6032848,0,2
1495,-25.0,2.5325947,0,3
1496,-26.0,1.5373023,0,0
1497,-27.0,3.4193692,0,1
1498,-26.0,4.4293923,0,2
1499,-26.0,2.506538,0,3
1500,-26.0,2.4539626,0,0
1501,-25.0,4.482566,0,1
1502,-25.0,4.429744,0,2
1503,-26.0,3.5534396,0,3
1504,-26.0,2.485131,0,0
1505,-26.0,3.4281723,0,1
1506,-28.0,3.395244,0,2
1507,-27.0,4.5301886,0,3
1508,-26.0,1.5118587,0,0
1509,-28.0,2.4584923,0,1
1510,-25.0,3.5560827,0,2
1511,-27.0,3.5772796,0,3
1512,-25.0,3.4899404,0,0
1513,-25.0,2.4817033,0,1
1514,-27.0,3.4985626,0,2
1515,-25.0,3.6749678,0,3
1516,-26.0,2.6299767,0,0
1517,-27.0,2.5933018,0,1
1518,-25.0,3.5458374,0,2
1519,-25.0,3.4816673,0,3
1520,-28.0,3.5847635,0,0
1521,-26.0,2.4979281,0,1
1522,-26.0,4.555694,0,2
1523,-27.0,4.495142,0,3
1524,-26.0,3.627308,0,0
1525,-28.0,1.718527,0,1
1526,-27.0,4.5528636,0,2
1527,-26.0,1.4349223,0,3
1528,-25.0,2.484682,0,0
1529,-27.0,1.465491,0,1
1530,-27.0,4.469626,0,2
1531,-27.0,2.3621292,0,3
1532,-27.0,3.4034653,0,0
1533,-26.0,1.5188091,0,1
1534,-26.0,2.347146,0,2
1535,-28.0,3.4428833,0,3
1536,-27.0,3.5119731,0,0
1537,-25.0,4.2774305,0,1
1538,-27.0,4.527737,0,2
1539,-26.0,4.5184684,0,3
1540,-28.0,3.3844109,0,0
1541,-25.0,2.246029,0,1
1542,-28.0,2.327772,0,2
1543,-27.0,3.2939734,0,3
1544,-25.0,3.3557243,0,0
1545,-26.0,1.4185027,0,1
1546,-25.0,3.4440656,0,2
1547,-27.0,3.4033105,0,3
1548,-28.0,3.4866655,0,0
1549,-27.0,2.3243442,0,1
1550,-26.0,3.5360725,0,2
1551,-27.0,3.3974094,0,3
1552,-26.0,1.4652052,0,0
1553,-25.0,3.6327016,0,1
1554,-28.0,2.651472,0,2
1555,-25.0,2.7114587,0,3
1556,-25.0,4.624227,0,0
1557,-28.0,1.640746,0,1
1558,-26.0,4.6526456,0,2
1559,-28.0,4.7679186,0,3
1560,-27.0,4.575799,0,0
1561,-26.0,3.4384184,0,1
1562,-25.0,2.4474576,0,2
1563,-28.0,2.3266206,0,3
1564,-25.0,2.3877754,0,0
1565,-27.0,4.579195,0,1
1566,-25.0,1.6431534,0,2
1567,-26.0,4.7224483,0,3
1568,-25.0,4.5522213,0,0
1569,-25.0,2.7101042,0,1
1570,-25.0,3.6069858,0,2
1571,-28.0,1.4937861,0,3
1572,-25.0,2.4145124,0,0
1573,-27.0,3.4115562,0,1
1574,-25.0,4.5197554,0,2
1575,-28.0,4.5810075,0,3
1576,-25.0,1.5423931,0,0
1577,-26.0,3.3189843,0,1
1578,-26.0,4.3690515,0,2
1579,-28.0,2.2615974,0,3
1580,-28.0,3.3936505,0,0
1581,-26.0,4.4515615,0,1
1582,-27.0,2.5172837,0,2
1583,-27.0,3.3996608,0,3
1584,-26.0,4.440509,0,0
1585,-27.0,4.329677,0,1
1586,-26.0,2.3698459,0,2
1587,-28.0,1.5262067,0,3
1588,-28.0,2.5888708,0,0
1589,-27.0,4.4473596,0,1
1590,-25.0,3.4479368,0,2
1591,-26.0,1.5189722,0,3
1592,-25.0,1.4640718,0,0
1593,-26.0,1.5024246,0,1
1594,-28.0,2.460197,0,2
1595,-28.0,4.45809,0,3
1596,-26.0,4.5723042,0,0
1597,-28.0,4.6717334,0,1
1598,-25.0,4.7279344,0,2
1599,-26.0,3.6836026,0,3
1600,-28.0,4.626704,0,0
1601,-28.0,3.7316113,0,1
1602,-28.0,1.6956074,0,2
1603,-26.0,2.6602712,0,3
1604,-27.0,4.5573535,0,0
1605,-28.0,1.5939842,0,1
1606,-28.0,2.6488962,0,2
1607,-27.0,2.5169141,0,3
1608,-26.0,2.462391,0,0
1609,-28.0,2.5348532,0,1
1610,-25.0,1.7076509,0,2
1611,-28.0,4.651475,0,3
1612,-28.0,4.551523,0,0
1613,-28.0,3.6220791,0,1
1614,-28.0,2.5561657,0,2
1615,-28.0,1.5241115,0,3
1616,-28.0,3.5752428,0,0
1617,-27.0,1.5201644,0,1
1618,-27.0,3.4776917,0,2
1619,-28.0,3.4035776,0,3
1620,-26.0,1.4473008,0,0
1621,-25.0,4.4868307,0,1
1622,-27.0,2.4354117,0,2
1623,-28.0,1.4315281,0,3
1624,-27.0,1.56144,0,0
1625,-25.0,1.4394627,0,1
1626,-26.0,3.5077586,0,2
1627,-25.0,3.4710457,0,3
1628,-25.0,4.495825,0,0
1629,-27.0,4.649056,0,1
1630,-27.0,2.564127,0,2
1631,-27.0,3.5360985,0,3
1632,-27.0,1.5958118,0,0
1633,-25.0,3.458585,0,1
1634,-26.0,1.4094365,0,2
1635,-28.0,1.5173113,0,3
1636,-25.0,2.4995463,0,0
1637,-25.0,2.5180004,0,1
1638,-25.0,4.4319067,0,2
1639,-27.0,2.3906877,0,3
1640,-25.0,3.534463,0,0
1641,-28.0,3.4828768,0,1
1642,-25.0,1.5642779,0,2
1643,-28.0,2.479016,0,3
1644,-26.0,4.2896433,0,0
1645,-26.0,2.4305518,0,1
1646,-27.0,2.4754376,0,2
1647,-27.0,1.4901271,0,3
1648,-28.0,3.4145226,0,0
1649,-28.0,4.496081,0,1
1650,-26.0,3.5266263,0,2
1651,-28.0,3.5612292,0,3
1652,-25.0,1.5496145,0,0
1653,-25.0,2.6094546,0,1
1654,-25.0,2.5761263,0,2
1655,-25.0,3.4811072,0,3
1656,-27.0,2.5640566,0,0
1657,-26.0,2.5080462,0,1
1658,-27.0,3.5853899,0,2
1659,-28.0,2.720972,0,3
1660,-25.0,4.5737395,0,0
1661,-26.0,3.5908422,0,1
1662,-27.0,4.4590974,0,2
1663,-25.0,4.3606105,0,3
1664,-28.0,4.437322,0,0
1665,-27.0,3.6292863,0,1
1666,-25.0,4.6609464,0,2
1667,-28.0,3.667713,0,3
1668,-28.0,3.7060483,0,0
1669,-26.0,2.6495693,0,1
1670,-25.0,4.506797,0,2
1671,-28.0,1.457897,0,3
1672,-28.0,3.479609,0,0
1673,-27.0,2.3822236,0,1
1674,-28.0,2.428212,0,2
1675,-26.0,2.339999,0,3
1676,-25.0,3.3998334,0,0
1677,-25.0,2.425049,0,1
1678,-27.0,3.4664187,0,2
1679,-25.0,2.4906318,0,3
1680,-27.0,1.3818288,0,0
1681,-26.0,4.4947376,0,1
1682,-27.0,4.5456386,0,2
1683,-28.0,3.639146,0,3
1684,-25.0,3.7213964,0,0
1685,-25.0,2.567491,0,1
1686,-25.0,4.5866714,0,2
1687,-27.0,3.5358007,0,3
1688,-25.0,4.591773,0,0
1689,-25.0,3.5673225,0,1
1690,-28.0,1.4876721,0,2
1691,-28.0,1.505471,0,3
1692,-28.0,3.4122543,0,0
1693,-26.0,2.3812916,0,1
1694,-27.0,1.3222268,0,2
1695,-28.0,2.4795532,0,3
1696,-28.0,3.4788764,0,0
1697,-25.0,2.4871478,0,1
1698,-25.0,1.6219416,0,2
1699,-28.0,1.6258608,0,3
1700,-25.0,2.6918507,0,0
1701,-25.0,2.7510812,0,1
1702,-28.0,2.6479185,0,2
1703,-25.0,4.4923534,0,3
1704,-25.0,4.4710946,0,0
1705,-28.0,4.601027,0,1
1706,-28.0,4.6347976,0,2
1707,-25.0,2.4564817,0,3
1708,-28.0,1.4694898,0,0
1709,-26.0,2.4507155,0,1
1710,-25.0,1.3834257,0,2
1711,-27.0,3.505409,0,3
1712,-26.0,3.4587634,0,0
1713,-25.0,4.4771338,0,1
1714,-26.0,4.5259304,0,2
1715,-25.0,1.6563523,0,3
1716,-27.0,1.6352117,0,0
1717,-28.0,4.44184,0,1
1718,-26.0,1.5063487,0,2
1719,-28.0,3.579436,0,3
1720,-25.0,4.746432,0,0
1721,-26.0,1.561608,0,1
1722,-26.0,1.546858,0,2
1723,-27.0,2.5768101,0,3
1724,-28.0,2.6297958,0,0
1725,-28.0,1.5202885,0,1
1726,-27.0,3.436882,0,2
1727,-28.0,4.5577826,0,3
1728,-28.0,3.5485253,0,0
1729,-26.0,4.5571513,0,1
1730,-27.0,1.6264596,0,2
1731,-26.0,4.6388054,0,3
1732,-26.0,1.3864775,0,0
1733,-26.0,1.4651103,0,1
1734,-28.0,1.5479791,0,2
1735,-27.0,4.650377,0,3
1736,-25.0,3.7153354,0,0
1737,-26.0,3.7664216,0,1
1738,-27.0,3.707077,0,2
1739,-27.0,1.5208223,0,3
1740,-25.0,2.499919,0,0
1741,-26.0,1.564183,0,1
1742,-28.0,1.5177584,0,2
1743,-25.0,4.6339154,0,3
1744,-26.0,2.6188624,0,0
1745,-27.0,3.6549423,0,1
1746,-25.0,4.5135865,0,2
1747,-27.0,2.5630624,0,3
1748,-27.0,1.6797488,0,0
1749,-25.0,2.5711708,0,1
1750,-27.0,2.5003922,0,2
1751,-26.0,2.5356798,0,3
1752,-25.0,4.5221996,0,0
1753,-28.0,2.4358492,0,1
1754,-28.0,2.4651046,0,2
1755,-27.0,1.3447721,0,3
1756,-27.0,4.35667,0,0
1757,-26.0,4.5292344,0,1
1758,-28.0,1.5541946,0,2
1759,-27.0,4.526709,0,3
1760,-26.0,1.4903835,0,0
1761,-26.0,2.529059,0,1
1762,-26.0,1.6648293,0,2
1763,-27.0,3.407924,0,3
1764,-27.0,4.4814367,0,0
1765,-25.0,3.420938,0,1
1766,-26.0,4.5881853,0,2
1767,-26.0,1.615081,0,3
1768,-26.0,2.5835247,0,0
1769,-28.0,2.4327984,0,1
1770,-25.0,3.392114,0,2
1771,-25.0,1.5323532,0,3
1772,-28.0,3.7455206,0,0
1773,-28.0,3.681696,0,1
1774,-28.0,3.7402365,0,2
1775,-25.0,3.608977,0,3
1776,-25.0,4.5248466,0,0
1777,-28.0,4.412479,0,1
1778,-28.0,2.5582685,0,2
1779,-26.0,3.5597274,0,3
1780,-26.0,1.5656497,0,0
1781,-28.0,4.3694057,0,1
1782,-26.0,1.4743202,0,2
1783,-26.0,1.4788308,0,3
1784,-28.0,3.449798,0,0
1785,-28.0,1.3151541,0,1
1786,-26.0,4.3276463,0,2
1787,-26.0,1.4675863,0,3
1788,-27.0,4.448338,0,0
1789,-25.0,2.448956,0,1
1790,-25.0,3.523388,0,2
1791,-27.0,2.5112338,0,3
1792,-25.0,4.3725653,0,0
1793,-25.0,1.5416479,0,1
1794,-25.0,4.5935507,0,2
1795,-28.0,3.413352,0,3
1796,-28.0,2.3639183,0,0
1797,-25.0,1.3690016,0,1
1798,-26.0,2.5636804,0,2
1799,-25.0,2.6261795,0,3
1800,-26.0,1.5755095,0,0
1801,-27.0,4.593544,0,1
1802,-25.0,4.550603,0,2
1803,-26.0,2.5752125,0,3
1804,-27.0,2.5275574,0,0
1805,-25.0,4.573654,0,1
1806,-25.0,2.6229947,0,2
1807,-28.0,3.5629826,0,3
1808,-28.0,4.5407534,0,0
1809,-26.0,4.6076665,0,1
1810,-25.0,3.5717564,0,2
1811,-28.0,1.5450041,0,3
1812,-25.0,1.5802355,0,0
1813,-27.0,1.4407054,0,1
1814,-27.0,2.5280893,0,2
1815,-26.0,1.5137987,0,3
1816,-25.0,4.5697327,0,0
1817,-26.0,2.653132,0,1
1818,-26.0,4.5078006,0,2
1819,-28.0,1.4936063,0,3
1820,-26.0,3.4451141,0,0
1821,-26.0,2.3797858,0,1
1822,-28.0,3.3335195,0,2
1823,-25.0,2.5661125,0,3
1824,-26.0,3.459852,0,0
1825,-25.0,3.4632912,0,1
1826,-25.0,3.5076997,0,2
1827,-26.0,3.6046395,0,3
1828,-27.0,1.5722172,0,0
1829,-28.0,4.5380316,0,1
1830,-26.0,3.687263,0,2
1831,-28.0,3.6008084,0,3
1832,-26.0,3.6235921,0,0
1833,-28.0,2.5684187,0,1
1834,-28.0,3.5222166,0,2
1835,-25.0,2.591571,0,3
1836,-25.0,3.459599,0,0
1837,-28.0,4.408894,0,1
1838,-27.0,4.541337,0,2
1839,-28.0,3.4568613,0,3
1840,-26.0,3.4447434,0,0
1841,-26.0,2.601641,0,1
1842,-27.0,3.4764473,0,2
1843,-26.0,3.4226909,0,3
1844,-25.0,3.3598857,0,0
1845,-27.0,1.3459439,0,1
1846,-26.0,2.420236,0,2
1847,-25.0,1.5434282,0,3
1848,-27.0,1.4732676,0,0
1849,-25.0,2.5540085,0,1
1850,-26.0,3.6145191,0,2
1851,-27.0,1.4699448,0,3
1852,-26.0,2.46317,0,0
1853,-28.0,4.545644,0,1
1854,-27.0,4.622345,0,2
1855,-26.0,1.5449146,0,3
1856,-26.0,4.35155,0,0
1857,-27.0,2.6056855,0,1
1858,-28.0,1.7316735,0,2
1859,-26.0,3.6682665,0,3
1860,-28.0,1.5866967,0,0
1861,-26.0,4.451207,0,1
1862,-25.0,1.3847897,0,2
1863,-27.0,4.5000424,0,3
1864,-28.0,3.6086938,0,0
1865,-27.0,1.4630487,0,1
1866,-25.0,3.466745,0,2
1867,-27.0,1.5976276,0,3
1868,-25.0,2.5741842,0,0
1869,-27.0,4.538099,0,1
1870,-26.0,1.6472077,0,2
1871,-27.0,1.6602765,0,3
1872,-25.0,4.7244787,0,0
1873,-28.0,4.4748116,0,1
1874,-25.0,3.4524746,0,2
1875,-28.0,3.3653426,0,3
1876,-26.0,3.5919638,0,0
1877,-26.0,1.598636,0,1
1878,-25.0,3.5186791,0,2
1879,-27.0,1.6736131,0,3
1880,-26.0,1.7861128,0,0
1881,-28.0,3.5971253,0,1
1882,-25.0,4.325114,0,2
1883,-27.0,1.4717607,0,3
1884,-25.0,4.5359354,0,0
1885,-26.0,4.5146914,0,1
1886,-28.0,3.5769458,0,2
1887,-27.0,3.5262427,0,3
1888,-25.0,2.5812125,0,0
1889,-27.0,1.5678447,0,1
1890,-26.0,3.5641506,0,2
1891,-28.0,2.5098019,0,3
1892,-25.0,2.514905,0,0
1893,-27.0,3.4227276,0,1
1894,-25.0,2.3607106,0,2
1895,-25.0,4.561068,0,3
1896,-27.0,2.596611,0,0
1897,-27.0,3.543325,0,1
1898,-26.0,1.4897285,0,2
1899,-27.0,1.418045,0,3
1900,-25.0,2.5704012,0,0
1901,-26.0,4.4732456,0,1
1902,-25.0,1.4792881,0,2
1903,-25.0,3.5039635,0,3
1904,-25.0,1.5660921,0,0
1905,-26.0,3.5937731,0,1
1906,-25.0,1.5938431,0,2
1907,-27.0,2.4901106,0,3
1908,-28.0,3.6238828,0,0
1909,-25.0,2.5555408,0,1
1910,-26.0,4.662969,0,2
1911,-28.0,2.6955075,0,3
1912,-25.0,3.6612375,0,0
1913,-28.0,3.5649676,0,1
1914,-26.0,2.459052,0,2
1915,-25.0,1.3633077,0,3
1916,-26.0,1.3885669,0,0
1917,-28.0,4.5459657,0,1
1918,-25.0,2.491082,0,2
1919,-28.0,3.5565512,0,3
1920,-25.0,1.4505744,0,0
1921,-26.0,3.5666451,0,1
1922,-25.0,4.5755167,0,2
1923,-25.0,3.6919048,0,3
1924,-26.0,1.6458144,0,0
1925,-26.0,3.6263642,0,1
1926,-26.0,1.3696346,0,2
1927,-28.0,3.496564,0,3
1928,-28.0,2.6126056,0,0
1929,-28.0,4.5469117,0,1
1930,-25.0,4.529661,0,2
1931,-28.0,4.643001,0,3
1932,-26.0,4.423425,0,0
1933,-28.0,1.3949265,0,1
1934,-26.0,2.5383213,0,2
1935,-28.0,2.3955066,0,3
1936,-28.0,1.3961815,0,0
1937,-28.0,3.310961,0,1
1938,-26.0,1.5147221,0,2
1939,-26.0,2.5637753,0,3
1940,-25.0,4.5000544,0,0
1941,-27.0,1.4538132,0,1
1942,-26.0,4.469114,0,2
1943,-25.0,2.549148,0,3
1944,-27.0,4.541342,0,0
1945,-28.0,3.4468253,0,1
1946,-26.0,2.4501767,0,2
1947,-25.0,4.5478816,0,3
1948,-25.0,2.4315844,0,0
1949,-26.0,4.6377735,0,1
1950,-25.0,3.5726283,0,2
1951,-28.0,1.4504914,0,3
1952,-27.0,3.4687622,0,0
1953,-25.0,2.3813925,0,1
1954,-25.0,4.456405,0,2
1955,-25.0,1.5360333,0,3
1956,-25.0,2.3809354,0,0
1957,-26.0,1.4956343,0,1
1958,-28.0,2.7244058,0,2
1959,-27.0,4.47186,0,3
1960,-25.0,2.4742088,0,0
1961,-28.0,2.456397,0,1
1962,-27.0,4.4637046,0,2
1963,-27.0,2.528448,0,3
1964,-27.0,3.5531445,0,0
1965,-26.0,2.4476109,0,1
1966,-25.0,3.4420524,0,2
1967,-26.0,4.5705614,0,3
1968,-28.0,4.7092814,0,0
1969,-25.0,2.601921,0,1
1970,-27.0,4.5925364,0,2
1971,-27.0,4.6216187,0,3
1972,-27.0,3.4036777,0,0
1973,-27.0,4.447801,0,1
1974,-25.0,1.5579221,0,2
1975,-26.0,2.392642,0,3
1976,-25.0,2.4348893,0,0
1977,-28.0,3.3245401,0,1
1978,-25.0,1.3821994,0,2
1979,-28.0,2.496792,0,3
1980,-25.0,3.5680914,0,0
1981,-28.0,1.4424808,0,1
1982,-28.0,2.4895263,0,2
1983,-25.0,1.554489,0,3
1984,-28.0,1.553718,0,0
1985,-28.0,3.4560683,0,1
1986,-27.0,2.457851,0,2
1987,-26.0,1.5790871,0,3
1988,-25.0,2.4082277,0,0
1989,-26.0,3.5290163,0,1
1990,-28.0,2.4950771,0,2
1991,-28.0,2.3493333,0,3
1992,-27.0,2.4533954,0,0
1993,-27.0,2.2743375,0,1
1994,-25.0,4.451876,0,2
1995,-28.0,1.350047,0,3
1996,-26.0,1.4733572,0,0
1997,-27.0,2.4443355,0,1
1998,-25.0,1.5149491,0,2
1999,-28.0,4.5338864,0,3
